{
  "test_metrics": {
    "accuracy": 0.9538797913720705,
    "precision": 0.9354179094584741,
    "recall": 0.8998391624331903,
    "f1": 0.9172836667557671,
    "auc": 0.9891348090437055,
    "fnr": 0.10016083756680975,
    "fpr": 0.024665067008748334,
    "specificity": 0.9753349329912516,
    "npv": 0.9608258278337684,
    "tn": 3082311,
    "fp": 77948,
    "fn": 125670,
    "tp": 1129012,
    "kpi_compliance": false,
    "kpi_checks": {
      "accuracy_met": false,
      "precision_met": false,
      "recall_met": false,
      "fnr_met": "False",
      "fpr_met": "False"
    },
    "kpi_score": 0.9328621917376354,
    "test_loss": 0.010987190839437222,
    "threshold_used": 0.6050000000000003,
    "model_used": "model_merged_full.pt"
  },
  "training_history": {
    "train_losses": [
      0.02315308305919063,
      0.016227731248818534,
      0.014880225193779547,
      0.014135221580187988,
      0.013567144741989142,
      0.013175255242280498,
      0.013006449844979336,
      0.012755299282437276,
      0.01245227576118381,
      0.012237214129662903,
      0.012072415528307038,
      0.01198640241151785,
      0.011868236849641573,
      0.011916105936674682,
      0.011804685934930967,
      0.011530647008034673,
      0.011414749174692929,
      0.011581166174785988,
      0.011493125622771973,
      0.011420477655145705
    ],
    "val_losses": [
      0.01623534229800661,
      0.014619989202984213,
      0.013529315411164552,
      0.012984208216383328,
      0.012998904560086465,
      0.01238512155335587,
      0.012211302603846168,
      0.011987652610641218,
      0.01175861863853148,
      0.012050948142705487,
      0.011613980505141414,
      0.011557112787638176,
      0.01154767498454483,
      0.011319931612626392,
      0.011262039407946851,
      0.011156216361191887,
      0.011542390815252584,
      0.011096612990476342,
      0.011052343212154486,
      0.010987688740076423
    ],
    "train_accs": [
      0.8683173219177519,
      0.9143081284375228,
      0.9227613570617527,
      0.9274103817635587,
      0.9307601816589292,
      0.9328776885697436,
      0.9341223260019897,
      0.9355420507381715,
      0.9370083219697722,
      0.9381225688138782,
      0.9389702963898116,
      0.9394797030477045,
      0.9401498895304059,
      0.9402071194469144,
      0.9407707737235558,
      0.9418803017420923,
      0.9424637750861261,
      0.9420002731633745,
      0.9425160974240422,
      0.9428869593632108
    ],
    "val_accs": [
      0.9204190770429497,
      0.9335189153193475,
      0.9389699520265281,
      0.942529003791671,
      0.9442162294391316,
      0.9461295057237471,
      0.9473508133745872,
      0.948466796830761,
      0.9493001037386691,
      0.9497440508817787,
      0.9504749781423983,
      0.9511053377848849,
      0.9514204043543061,
      0.9520389858072816,
      0.9524156613679914,
      0.9525878041377686,
      0.9527545108200791,
      0.953208877130833,
      0.9534070678197212,
      0.9538020901756309
    ],
    "kpi_scores": [
      0.8964627562256339,
      0.9098384670426094,
      0.9162223619958789,
      0.9197354598939494,
      0.9220603072631016,
      0.9241256876181712,
      0.9256800835004961,
      0.9267723750628835,
      0.9276722605575286,
      0.9283476466065875,
      0.9289406582488561,
      0.9297424593320254,
      0.9302739168678038,
      0.9308081102555933,
      0.9313657167137515,
      0.9316026452432796,
      0.9315056259195823,
      0.932281509408745,
      0.9324689558717698,
      0.932728250435033
    ],
    "thresholds": [
      0.5100000000000002,
      0.5500000000000003,
      0.5500000000000003,
      0.5450000000000003,
      0.5750000000000003,
      0.5650000000000003,
      0.5700000000000003,
      0.5700000000000003,
      0.5700000000000003,
      0.5850000000000003,
      0.5750000000000003,
      0.5900000000000003,
      0.5850000000000003,
      0.5900000000000003,
      0.5900000000000003,
      0.5800000000000003,
      0.6000000000000003,
      0.5800000000000003,
      0.5850000000000003,
      0.6050000000000003
    ]
  },
  "best_epoch": 20,
  "optimal_threshold": 0.6050000000000003,
  "kpi_compliance": false,
  "model_architecture": "MiniLM v3 Base",
  "model_used_for_test": "model_merged_full.pt",
  "test_samples": 4414941,
  "timestamp": "2026-02-23T13:34:23.300204",
  "hyperparameters": {
    "SEED": 42,
    "TRAIN_CSV": "/home/hp/SHINU RATHOD/Dataset/dataset10/URLScan_raw_merged/train.csv",
    "VAL_CSV": "/home/hp/SHINU RATHOD/Dataset/dataset10/URLScan_raw_merged/val.csv",
    "TEST_CSV": "/home/hp/SHINU RATHOD/Dataset/dataset10/URLScan_raw_merged/test.csv",
    "MODEL_NAME": "microsoft/MiniLM-L12-H384-uncased",
    "MAX_LEN": 192,
    "NUM_CLASSES": 2,
    "DROPOUT": 0.3,
    "CLASSIFIER_DIMS": [
      384,
      192,
      64
    ],
    "BATCH_SIZE": 128,
    "NUM_EPOCHS": 20,
    "WEIGHT_DECAY": 0.02,
    "PATIENCE": 5,
    "GRAD_ACCUM_STEPS": 4,
    "GRAD_CLIP_NORM": 0.5,
    "LR": 2e-05,
    "LR_WARMUP_RATIO": 0.06,
    "LR_MIN_RATIO": 0.001,
    "LORA_R": 32,
    "LORA_ALPHA": 64,
    "LORA_DROPOUT": 0.15,
    "LORA_TARGET_MODULES": [
      "query",
      "key",
      "value",
      "dense",
      "output.dense"
    ],
    "FOCAL_GAMMA": 2.5,
    "FOCAL_ALPHA": [
      0.28,
      0.72
    ],
    "LABEL_SMOOTHING": 0.05,
    "USE_WEIGHTED_SAMPLING": false,
    "PRUNING_RATIO": 0.0,
    "USE_AMP": true,
    "EXPORT_ONNX": true,
    "EXPORT_QUANTIZED": true,
    "ONNX_OPSET": 14,
    "TARGET_ACCURACY": 0.98,
    "TARGET_PRECISION": 0.95,
    "TARGET_RECALL": 0.95,
    "MAX_FNR": 0.1,
    "MAX_FPR": 0.01,
    "MAX_MODEL_SIZE_MB": 40.0,
    "DEVICE": "cuda",
    "NUM_WORKERS": 12,
    "PIN_MEMORY": true,
    "PREFETCH_FACTOR": 4,
    "SAVE_ROOT": "saved_models/MiniLM_data10",
    "CHECKPOINT_DIR": "saved_models/MiniLM_data10/checkpoints",
    "setup_paths": "<classmethod(<function Config.setup_paths at 0x77d24f310820>)>",
    "setup_reproducibility": "<classmethod(<function Config.setup_reproducibility at 0x77d24f3108b0>)>"
  }
}